{"cameraMode":{"drawMode":0,"name":"Shaded","section":"Shading Mode"},"sceneLighting":true,"audioPlay":false,"sceneViewState":{"m_AlwaysRefresh":false,"showFog":true,"showSkybox":true,"showFlares":true,"showImageEffects":true,"showParticleSystems":true,"showVisualEffectGraphs":true,"m_FxEnabled":true},"in2DMode":false,"pivot":{"x":-1.8572015762329102,"y":0.26608753204345705,"z":-4.388824939727783},"rotation":{"x":-0.004641973413527012,"y":0.9487205147743225,"z":-0.31577572226524355,"w":-0.013946235179901123},"size":4.432013034820557,"orthographic":false}