{"cameraMode":{"drawMode":0,"name":"Shaded","section":"Shading Mode"},"sceneLighting":true,"audioPlay":false,"sceneViewState":{"m_AlwaysRefresh":false,"showFog":true,"showSkybox":true,"showFlares":true,"showImageEffects":true,"showParticleSystems":true,"showVisualEffectGraphs":true,"m_FxEnabled":true},"in2DMode":false,"pivot":{"x":-10.444677352905274,"y":1.095357894897461,"z":-0.37254688143730166},"rotation":{"x":-0.02543502114713192,"y":0.9743620753288269,"z":-0.14606888592243195,"w":-0.16946294903755189},"size":8.965517044067383,"orthographic":false}